{
   "orientation_w" : 0.74480493249469348,
   "orientation_x" : 0.0,
   "orientation_y" : 0.0,
   "orientation_z" : 0.66728225851701983,
   "position_x" : -13.890278472117398,
   "position_y" : 5.6490641205812597
}
